link_key,counts,pems_ids
"(0, 1621, '0')",,[]
"(61, 93, '0')",,[]
"(61, 51, '0')",,[]
"(57, 51, '0')",,[]
"(708, 9, '0')",,[]
"(319, 9, '0')",,[]
"(708, 738, '0')",,[]
"(708, 733, '0')",,[]
"(1556, 1731, '0')",,[]
"(160, 95, '0')",,[]
"(2, 43, '0')",2038.000,[601346]
"(99, 43, '0')",3116.000,[601346]
"(369, 164, '0')",2909.000,[601209]
"(669, 164, '0')",2683.000,[601209]
"(3, 38, '0')",1844.500,"[601411, 602411, 601411, 602411, 601411, 602411, 601411, 602411]"
"(3, 19, '0')",4564.000,[601411]
"(4, 465, '0')",,[]
"(361, 412, '0')",1078.000,[602210]
"(205, 412, '0')",1078.000,"[602210, 602210, 602210, 602210]"
"(473, 4, '0')",2266.000,"[601413, 602413, 601413, 602413, 601413, 602413, 601413, 602413]"
"(252, 4, '0')",2333.800,[601413]
"(5, 519, '0')",,[]
"(5, 35, '0')",,[]
"(91, 35, '0')",,[]
"(510, 35, '0')",,[]
"(6, 539, '0')",,[]
"(166, 539, '0')",,[]
"(557, 539, '0')",,[]
"(6, 17, '0')",,[]
"(213, 17, '0')",,[]
"(830, 17, '0')",,[]
"(865, 17, '0')",,[]
"(493, 250, '0')",2415.000,"[601215, 602215, 601215, 602215, 601215, 602215, 601215, 602215]"
"(253, 250, '0')",2409.200,[601215]
"(7, 559, '0')",,[]
"(8, 640, '0')",848.000,[602345]
"(105, 82, '0')",,[]
"(105, 23, '0')",,[]
"(62, 23, '0')",,[]
"(95, 23, '0')",,[]
"(9, 708, '0')",,[]
"(707, 708, '0')",,[]
"(737, 708, '0')",,[]
"(9, 1230, '0')",,[]
"(82, 237, '0')",,[]
"(144, 237, '0')",,[]
"(62, 144, '0')",,[]
"(48, 144, '0')",,[]
"(57, 55, '0')",,[]
"(56, 55, '0')",,[]
"(93, 55, '0')",,[]
"(580, 142, '0')",2530.000,[602541]
"(12, 77, '0')",1289.333,"[601529, 601529, 602259, 601529, 602259]"
"(143, 579, '0')",2120.000,[601541]
"(1217, 10, '0')",,[]
"(561, 10, '0')",,[]
"(1217, 1196, '0')",,[]
"(14, 414, '0')",,[]
"(577, 580, '0')",,[]
"(15, 14, '0')",,[]
"(579, 647, '0')",,[]
"(16, 221, '0')",,[]
"(873, 221, '0')",,[]
"(904, 221, '0')",,[]
"(1308, 221, '0')",,[]
"(16, 895, '0')",,[]
"(111, 895, '0')",,[]
"(17, 1250, '0')",,[]
"(1252, 1250, '0')",,[]
"(570, 1250, '0')",,[]
"(17, 6, '0')",,[]
"(539, 6, '0')",,[]
"(17, 1275, '0')",,[]
"(17, 213, '0')",,[]
"(847, 213, '0')",,[]
"(712, 728, '0')",,[]
"(712, 706, '0')",,[]
"(703, 706, '0')",,[]
"(715, 706, '0')",,[]
"(717, 706, '0')",,[]
"(729, 712, '0')",,[]
"(706, 712, '0')",,[]
"(70, 147, '0')",1960.000,"[601217, 601219, 601217, 601219, 601217, 601219, 601217, 601219]"
"(18, 1303, '0')",,[]
"(34, 1303, '0')",,[]
"(18, 5, '0')",,[]
"(150, 32, '0')",,[]
"(150, 287, '0')",,[]
"(560, 238, '0')",,[]
"(19, 309, '0')",4564.000,[601411]
"(135, 309, '0')",,[]
"(558, 115, '0')",1197.000,"[601218, 602218, 601218, 602218, 601218, 602218, 601218, 602218]"
"(10, 1217, '0')",,[]
"(1214, 1217, '0')",,[]
"(1216, 1217, '0')",,[]
"(10, 1285, '0')",,[]
"(127, 555, '0')",,[]
"(1555, 1730, '0')",,[]
"(22, 76, '0')",,[]
"(23, 57, '0')",,[]
"(23, 7, '0')",,[]
"(1554, 1729, '0')",,[]
"(545, 557, '0')",,[]
"(41, 548, '0')",1440.000,"[601417, 602417, 601417, 602417, 601417, 602417, 601417, 602417]"
"(373, 668, '0')",,[]
"(30, 668, '0')",,[]
"(672, 551, '0')",,[]
"(527, 524, '0')",,[]
"(25, 27, '0')",,[]
"(446, 27, '0')",,[]
"(670, 27, '0')",,[]
"(26, 37, '0')",,[]
"(225, 37, '0')",,[]
"(503, 37, '0')",,[]
"(514, 517, '0')",,[]
"(27, 447, '0')",,[]
"(27, 670, '0')",,[]
"(29, 670, '0')",,[]
"(27, 452, '0')",2127.500,"[601213, 602213, 601213, 602213, 601213, 602213, 601213, 602213]"
"(534, 537, '0')",,[]
"(513, 510, '0')",,[]
"(11, 1048, '0')",,[]
"(451, 1048, '0')",,[]
"(29, 1041, '0')",,[]
"(29, 1045, '0')",,[]
"(29, 451, '0')",,[]
"(1048, 451, '0')",,[]
"(529, 532, '0')",,[]
"(519, 522, '0')",,[]
"(498, 501, '0')",2182.500,"[601414, 602414, 601414, 602414, 601414, 602414, 601414, 602414]"
"(348, 350, '0')",,[]
"(110, 131, '0')",,[]
"(287, 131, '0')",,[]
"(110, 106, '0')",,[]
"(32, 106, '0')",,[]
"(107, 106, '0')",,[]
"(471, 473, '0')",2266.000,"[601413, 602413, 601413, 602413, 601413, 602413, 601413, 602413]"
"(33, 840, '0')",,[]
"(839, 840, '0')",,[]
"(853, 840, '0')",,[]
"(854, 840, '0')",,[]
"(33, 209, '0')",,[]
"(222, 209, '0')",,[]
"(542, 209, '0')",,[]
"(34, 1305, '0')",,[]
"(1304, 1305, '0')",,[]
"(34, 893, '0')",,[]
"(34, 1515, '0')",,[]
"(488, 486, '0')",2214.000,"[601214, 602214, 601214, 602214, 601214, 602214, 601214, 602214]"
"(464, 461, '0')",1832.000,"[601412, 602412, 601412, 602412, 601412, 602412, 601412, 602412]"
"(35, 130, '0')",,[]
"(35, 91, '0')",,[]
"(1306, 91, '0')",,[]
"(491, 493, '0')",1966.500,"[601215, 602215, 601215, 602215, 601215, 602215, 601215, 602215]"
"(477, 479, '0')",,[]
"(36, 498, '0')",2043.500,"[601414, 602414, 601414, 602414, 601414, 602414, 601414, 602414]"
"(36, 26, '0')",,[]
"(36, 40, '0')",,[]
"(495, 40, '0')",,[]
"(483, 484, '0')",,[]
"(452, 673, '0')",2315.500,"[601213, 602213, 601213, 602213, 601213, 602213, 601213, 602213]"
"(37, 225, '0')",,[]
"(1364, 225, '0')",,[]
"(37, 97, '0')",,[]
"(37, 247, '0')",2221.500,"[601205, 602205, 601205, 602205, 601205, 602205, 601205, 602205]"
"(245, 247, '0')",1380.500,"[601205, 602205, 601205, 602205, 601205, 602205, 601205, 602205]"
"(119, 216, '0')",,[]
"(46, 216, '0')",,[]
"(119, 118, '0')",,[]
"(124, 118, '0')",,[]
"(555, 118, '0')",,[]
"(24, 446, '0')",,[]
"(38, 39, '0')",1769.000,"[601411, 602411, 601411, 602411, 601411, 602411, 601411, 602411]"
"(424, 381, '0')",,[]
"(618, 620, '0')",1465.000,[601522]
"(417, 419, '0')",,[]
"(39, 444, '0')",1769.000,"[601411, 602411, 601411, 602411, 601411, 602411, 601411, 602411]"
"(447, 444, '0')",,[]
"(448, 444, '0')",,[]
"(40, 36, '0')",,[]
"(497, 36, '0')",,[]
"(97, 36, '0')",,[]
"(40, 495, '0')",,[]
"(224, 495, '0')",,[]
"(909, 495, '0')",,[]
"(939, 495, '0')",,[]
"(657, 652, '0')",,[]
"(392, 393, '0')",,[]
"(21, 187, '0')",,[]
"(624, 621, '0')",1673.000,[602522]
"(288, 133, '0')",1673.000,[602522]
"(43, 179, '0')",,[]
"(320, 179, '0')",,[]
"(649, 654, '0')",,[]
"(44, 177, '0')",2510.000,[603108]
"(654, 603, '0')",,[]
"(601, 603, '0')",,[]
"(45, 214, '0')",2307.400,[601216]
"(295, 299, '0')",,[]
"(47, 150, '0')",2549.000,[602542]
"(312, 320, '0')",,[]
"(324, 307, '0')",,[]
"(49, 146, '0')",720.000,[614163]
"(326, 328, '0')",,[]
"(208, 68, '0')",,[]
"(1, 68, '0')",,[]
"(50, 219, '0')",,[]
"(68, 303, '0')",801.000,[601529]
"(77, 303, '0')",1350.000,[602529]
"(51, 64, '0')",1383.000,"[601217, 601219, 601217, 601219, 601217, 601219, 601217, 601219]"
"(147, 64, '0')",1960.000,"[601217, 601219, 601217, 601219, 601217, 601219, 601217, 601219]"
"(52, 12, '0')",,[]
"(65, 293, '0')",,[]
"(13, 2, '0')",,[]
"(1089, 1088, '0')",,[]
"(1062, 1088, '0')",,[]
"(640, 1089, '0')",,[]
"(640, 638, '0')",,[]
"(1088, 1094, '0')",,[]
"(1088, 1091, '0')",,[]
"(1062, 1091, '0')",,[]
"(1088, 1062, '0')",,[]
"(1083, 1062, '0')",,[]
"(1433, 1062, '0')",,[]
"(1097, 1101, '0')",,[]
"(1097, 1099, '0')",,[]
"(1084, 1099, '0')",,[]
"(1097, 1084, '0')",,[]
"(1086, 1084, '0')",,[]
"(1113, 1084, '0')",,[]
"(55, 0, '0')",,[]
"(55, 62, '0')",,[]
"(606, 59, '0')",,[]
"(883, 59, '0')",,[]
"(56, 70, '0')",1960.000,"[601217, 601219, 601217, 601219, 601217, 601219, 601217, 601219]"
"(59, 1501, '0')",,[]
"(59, 883, '0')",,[]
"(60, 883, '0')",,[]
"(841, 883, '0')",,[]
"(1284, 883, '0')",,[]
"(784, 777, '0')",,[]
"(787, 777, '0')",,[]
"(784, 785, '0')",,[]
"(366, 785, '0')",,[]
"(784, 786, '0')",,[]
"(364, 786, '0')",,[]
"(784, 775, '0')",,[]
"(755, 775, '0')",,[]
"(1553, 1728, '0')",,[]
"(777, 784, '0')",,[]
"(785, 784, '0')",,[]
"(786, 784, '0')",,[]
"(775, 784, '0')",,[]
"(777, 787, '0')",,[]
"(770, 787, '0')",,[]
"(785, 1330, '0')",,[]
"(786, 1323, '0')",,[]
"(1232, 20, '0')",,[]
"(563, 20, '0')",,[]
"(1232, 1231, '0')",,[]
"(20, 1232, '0')",,[]
"(1228, 1232, '0')",,[]
"(1233, 1232, '0')",,[]
"(20, 1392, '0')",,[]
"(564, 31, '0')",,[]
"(1227, 31, '0')",,[]
"(31, 1393, '0')",,[]
"(31, 1227, '0')",,[]
"(1237, 1227, '0')",,[]
"(1557, 1732, '0')",,[]
"(183, 330, '0')",2542.000,[601348]
"(183, 676, '0')",2225.250,"[601348, 601348, 601348, 601348]"
"(497, 248, '0')",,[]
"(1227, 1228, '0')",,[]
"(64, 75, '0')",,[]
"(333, 332, '0')",1762.000,[602348]
"(169, 332, '0')",2045.000,[602348]
"(66, 818, '0')",,[]
"(323, 818, '0')",,[]
"(66, 206, '0')",,[]
"(569, 206, '0')",,[]
"(744, 206, '0')",,[]
"(1621, 206, '0')",,[]
"(1552, 1727, '0')",,[]
"(1551, 1726, '0')",,[]
"(1550, 1725, '0')",,[]
"(1549, 1724, '0')",,[]
"(920, 924, '0')",,[]
"(903, 924, '0')",,[]
"(920, 1522, '0')",,[]
"(924, 920, '0')",,[]
"(480, 920, '0')",,[]
"(924, 903, '0')",,[]
"(905, 903, '0')",,[]
"(906, 903, '0')",,[]
"(921, 903, '0')",,[]
"(69, 181, '0')",,[]
"(827, 54, '0')",,[]
"(573, 54, '0')",,[]
"(827, 58, '0')",,[]
"(572, 58, '0')",,[]
"(827, 825, '0')",,[]
"(827, 828, '0')",,[]
"(54, 827, '0')",,[]
"(58, 827, '0')",,[]
"(1255, 827, '0')",,[]
"(1256, 827, '0')",,[]
"(54, 1396, '0')",,[]
"(58, 1394, '0')",,[]
"(883, 60, '0')",,[]
"(605, 60, '0')",,[]
"(883, 841, '0')",,[]
"(868, 841, '0')",,[]
"(879, 841, '0')",,[]
"(881, 841, '0')",,[]
"(883, 1284, '0')",,[]
"(1281, 1284, '0')",,[]
"(74, 845, '0')",,[]
"(109, 845, '0')",,[]
"(74, 218, '0')",,[]
"(839, 218, '0')",,[]
"(843, 218, '0')",,[]
"(846, 218, '0')",,[]
"(75, 50, '0')",3152.000,[624163]
"(76, 425, '0')",,[]
"(76, 698, '0')",,[]
"(78, 103, '0')",,[]
"(1548, 1723, '0')",,[]
"(79, 1026, '0')",,[]
"(449, 1026, '0')",,[]
"(1027, 1026, '0')",,[]
"(1029, 1026, '0')",,[]
"(60, 1503, '0')",,[]
"(53, 847, '0')",,[]
"(213, 847, '0')",,[]
"(1547, 1722, '0')",,[]
"(1546, 1721, '0')",,[]
"(1545, 1720, '0')",,[]
"(1544, 1719, '0')",,[]
"(1543, 1718, '0')",,[]
"(84, 201, '0')",,[]
"(85, 8, '0')",848.000,[602345]
"(1542, 1717, '0')",,[]
"(1541, 1716, '0')",,[]
"(1007, 63, '0')",,[]
"(658, 63, '0')",,[]
"(1007, 67, '0')",,[]
"(656, 67, '0')",,[]
"(1007, 1008, '0')",,[]
"(984, 1008, '0')",,[]
"(1007, 1009, '0')",,[]
"(986, 1009, '0')",,[]
"(86, 189, '0')",3891.000,[601344]
"(86, 325, '0')",2866.000,[601344]
"(87, 228, '0')",1877.000,[602350]
"(63, 1007, '0')",,[]
"(67, 1007, '0')",,[]
"(1008, 1007, '0')",,[]
"(1009, 1007, '0')",,[]
"(63, 1548, '0')",,[]
"(67, 1549, '0')",,[]
"(91, 514, '0')",,[]
"(91, 1308, '0')",,[]
"(615, 1308, '0')",,[]
"(1409, 71, '0')",,[]
"(655, 71, '0')",,[]
"(1409, 72, '0')",,[]
"(653, 72, '0')",,[]
"(1409, 1021, '0')",,[]
"(979, 1021, '0')",,[]
"(1409, 1020, '0')",,[]
"(481, 1020, '0')",,[]
"(71, 1409, '0')",,[]
"(72, 1409, '0')",,[]
"(1020, 1409, '0')",,[]
"(1021, 1409, '0')",,[]
"(71, 1552, '0')",,[]
"(72, 1553, '0')",,[]
"(1051, 73, '0')",,[]
"(679, 73, '0')",,[]
"(1051, 81, '0')",,[]
"(678, 81, '0')",,[]
"(1051, 1441, '0')",,[]
"(1029, 1441, '0')",,[]
"(1051, 1442, '0')",,[]
"(1443, 1442, '0')",,[]
"(98, 290, '0')",1877.000,[602350]
"(171, 290, '0')",1877.000,[602350]
"(73, 1051, '0')",,[]
"(81, 1051, '0')",,[]
"(1441, 1051, '0')",,[]
"(1442, 1051, '0')",,[]
"(73, 1565, '0')",,[]
"(100, 30, '0')",,[]
"(365, 30, '0')",,[]
"(81, 1564, '0')",,[]
"(101, 178, '0')",2030.000,"[601211, 602211, 601211, 602211, 601211, 602211, 601211, 602211]"
"(102, 190, '0')",,[]
"(103, 195, '0')",,[]
"(96, 894, '0')",,[]
"(508, 894, '0')",,[]
"(1462, 89, '0')",,[]
"(997, 89, '0')",,[]
"(1462, 90, '0')",,[]
"(1001, 90, '0')",,[]
"(1462, 1133, '0')",,[]
"(1110, 1133, '0')",,[]
"(1462, 1131, '0')",,[]
"(1123, 1131, '0')",,[]
"(89, 1462, '0')",,[]
"(90, 1462, '0')",,[]
"(1131, 1462, '0')",,[]
"(1133, 1462, '0')",,[]
"(89, 1587, '0')",,[]
"(106, 107, '0')",,[]
"(158, 107, '0')",,[]
"(106, 558, '0')",1197.000,"[601218, 602218, 601218, 602218, 601218, 602218, 601218, 602218]"
"(106, 119, '0')",,[]
"(107, 158, '0')",,[]
"(817, 158, '0')",,[]
"(90, 1588, '0')",,[]
"(1540, 1715, '0')",,[]
"(1539, 1714, '0')",,[]
"(1245, 835, '0')",,[]
"(808, 835, '0')",,[]
"(1245, 1241, '0')",,[]
"(833, 1241, '0')",,[]
"(565, 1241, '0')",,[]
"(1245, 1401, '0')",,[]
"(835, 1245, '0')",,[]
"(1241, 1245, '0')",,[]
"(566, 1245, '0')",,[]
"(835, 808, '0')",,[]
"(810, 808, '0')",,[]
"(811, 808, '0')",,[]
"(838, 808, '0')",,[]
"(1473, 92, '0')",,[]
"(1093, 92, '0')",,[]
"(1473, 94, '0')",,[]
"(1095, 94, '0')",,[]
"(1473, 1474, '0')",,[]
"(914, 1474, '0')",,[]
"(1473, 1475, '0')",,[]
"(915, 1475, '0')",,[]
"(92, 1473, '0')",,[]
"(94, 1473, '0')",,[]
"(1474, 1473, '0')",,[]
"(1475, 1473, '0')",,[]
"(92, 1610, '0')",,[]
"(94, 1611, '0')",,[]
"(115, 45, '0')",1197.000,"[601218, 602218, 601218, 602218, 601218, 602218, 601218, 602218]"
"(131, 45, '0')",1389.000,[601218]
"(1353, 112, '0')",,[]
"(625, 112, '0')",,[]
"(1353, 113, '0')",,[]
"(627, 113, '0')",,[]
"(1353, 1352, '0')",,[]
"(1358, 1352, '0')",,[]
"(1353, 1351, '0')",,[]
"(1354, 1351, '0')",,[]
"(112, 1353, '0')",,[]
"(113, 1353, '0')",,[]
"(1351, 1353, '0')",,[]
"(1352, 1353, '0')",,[]
"(112, 1528, '0')",,[]
"(118, 560, '0')",,[]
"(118, 110, '0')",,[]
"(118, 124, '0')",,[]
"(128, 124, '0')",,[]
"(113, 1527, '0')",,[]
"(1538, 1713, '0')",,[]
"(1430, 114, '0')",,[]
"(730, 114, '0')",,[]
"(1430, 120, '0')",,[]
"(731, 120, '0')",,[]
"(1430, 1107, '0')",,[]
"(1105, 1107, '0')",,[]
"(1430, 1108, '0')",,[]
"(1177, 1108, '0')",,[]
"(1416, 116, '0')",,[]
"(674, 116, '0')",,[]
"(1416, 117, '0')",,[]
"(661, 117, '0')",,[]
"(1416, 1057, '0')",,[]
"(1416, 1064, '0')",,[]
"(1077, 1064, '0')",,[]
"(116, 1416, '0')",,[]
"(117, 1416, '0')",,[]
"(1058, 1416, '0')",,[]
"(1077, 1416, '0')",,[]
"(116, 1563, '0')",,[]
"(117, 1562, '0')",,[]
"(124, 128, '0')",,[]
"(159, 128, '0')",,[]
"(804, 128, '0')",,[]
"(826, 128, '0')",,[]
"(114, 1430, '0')",,[]
"(120, 1430, '0')",,[]
"(1107, 1430, '0')",,[]
"(1108, 1430, '0')",,[]
"(114, 1571, '0')",,[]
"(120, 1572, '0')",,[]
"(1537, 1712, '0')",,[]
"(128, 157, '0')",,[]
"(128, 1259, '0')",,[]
"(128, 159, '0')",,[]
"(823, 159, '0')",,[]
"(416, 121, '0')",,[]
"(1090, 121, '0')",,[]
"(416, 122, '0')",,[]
"(1087, 122, '0')",,[]
"(416, 1465, '0')",,[]
"(1469, 1465, '0')",,[]
"(416, 1466, '0')",,[]
"(1468, 1466, '0')",,[]
"(129, 814, '0')",,[]
"(813, 814, '0')",,[]
"(129, 1233, '0')",,[]
"(129, 817, '0')",,[]
"(158, 817, '0')",,[]
"(129, 800, '0')",,[]
"(121, 416, '0')",,[]
"(122, 416, '0')",,[]
"(1465, 416, '0')",,[]
"(1466, 416, '0')",,[]
"(121, 1596, '0')",,[]
"(130, 529, '0')",,[]
"(130, 18, '0')",,[]
"(524, 18, '0')",,[]
"(1303, 18, '0')",,[]
"(122, 1595, '0')",,[]
"(132, 46, '0')",,[]
"(132, 127, '0')",,[]
"(133, 200, '0')",,[]
"(652, 200, '0')",,[]
"(134, 172, '0')",1875.500,"[602347, 602347, 602347, 602347]"
"(136, 385, '0')",3499.000,[601526]
"(1039, 123, '0')",,[]
"(700, 123, '0')",,[]
"(1039, 125, '0')",,[]
"(699, 125, '0')",,[]
"(1039, 1047, '0')",,[]
"(1039, 1043, '0')",,[]
"(123, 1039, '0')",,[]
"(125, 1039, '0')",,[]
"(1045, 1039, '0')",,[]
"(1421, 1039, '0')",,[]
"(123, 1567, '0')",,[]
"(125, 1566, '0')",,[]
"(1338, 126, '0')",,[]
"(623, 126, '0')",,[]
"(1338, 137, '0')",,[]
"(617, 137, '0')",,[]
"(1338, 1333, '0')",,[]
"(1338, 916, '0')",,[]
"(126, 1338, '0')",,[]
"(137, 1338, '0')",,[]
"(1337, 1338, '0')",,[]
"(1339, 1338, '0')",,[]
"(126, 1526, '0')",,[]
"(137, 1525, '0')",,[]
"(142, 61, '0')",,[]
"(1253, 1490, '0')",,[]
"(1253, 1252, '0')",,[]
"(139, 1109, '0')",,[]
"(1137, 1109, '0')",,[]
"(1138, 1109, '0')",,[]
"(1536, 1711, '0')",,[]
"(145, 49, '0')",,[]
"(536, 139, '0')",,[]
"(146, 160, '0')",,[]
"(146, 48, '0')",,[]
"(888, 1512, '0')",,[]
"(888, 874, '0')",,[]
"(876, 874, '0')",,[]
"(878, 874, '0')",,[]
"(886, 874, '0')",,[]
"(1119, 138, '0')",,[]
"(996, 138, '0')",,[]
"(1119, 140, '0')",,[]
"(995, 140, '0')",,[]
"(1119, 1460, '0')",,[]
"(1120, 1460, '0')",,[]
"(1119, 1461, '0')",,[]
"(1180, 1461, '0')",,[]
"(138, 1119, '0')",,[]
"(140, 1119, '0')",,[]
"(1460, 1119, '0')",,[]
"(1461, 1119, '0')",,[]
"(138, 1583, '0')",,[]
"(140, 1584, '0')",,[]
"(149, 145, '0')",,[]
"(151, 556, '0')",,[]
"(152, 154, '0')",,[]
"(153, 132, '0')",3970.000,[601540]
"(1624, 1576, '0')",,[]
"(1624, 1436, '0')",,[]
"(1625, 1436, '0')",,[]
"(1437, 1436, '0')",,[]
"(1439, 1436, '0')",2866.000,[601344]
"(154, 547, '0')",1169.000,"[601208, 602208, 601208, 602208, 601208, 602208, 601208, 602208]"
"(551, 547, '0')",1842.500,"[601208, 602208, 601208, 602208, 601208, 602208, 601208, 602208]"
"(954, 994, '0')",,[]
"(954, 958, '0')",,[]
"(1384, 1379, '0')",,[]
"(947, 1379, '0')",,[]
"(1384, 949, '0')",,[]
"(931, 949, '0')",,[]
"(155, 215, '0')",,[]
"(532, 215, '0')",,[]
"(156, 153, '0')",3970.000,[601540]
"(1379, 1384, '0')",,[]
"(949, 1384, '0')",,[]
"(1379, 947, '0')",,[]
"(1378, 947, '0')",,[]
"(648, 947, '0')",,[]
"(157, 1203, '0')",,[]
"(1205, 1203, '0')",,[]
"(1209, 1203, '0')",,[]
"(157, 1202, '0')",,[]
"(1207, 1202, '0')",,[]
"(1210, 1202, '0')",,[]
"(1535, 1710, '0')",,[]
"(159, 823, '0')",,[]
"(387, 823, '0')",,[]
"(1534, 1709, '0')",,[]
"(1533, 1708, '0')",,[]
"(161, 85, '0')",,[]
"(328, 85, '0')",,[]
"(1532, 1707, '0')",,[]
"(162, 52, '0')",898.000,[602530]
"(1531, 1706, '0')",,[]
"(163, 928, '0')",,[]
"(929, 928, '0')",,[]
"(163, 930, '0')",,[]
"(223, 930, '0')",,[]
"(1530, 1705, '0')",,[]
"(164, 205, '0')",,[]
"(165, 268, '0')",,[]
"(1529, 1704, '0')",,[]
"(1528, 1703, '0')",,[]
"(1527, 1702, '0')",,[]
"(167, 185, '0')",2506.000,[601350]
"(168, 161, '0')",,[]
"(293, 161, '0')",,[]
"(1526, 1701, '0')",,[]
"(1525, 1700, '0')",,[]
"(170, 207, '0')",2214.000,[602346]
"(170, 168, '0')",2142.000,[602346]
"(1524, 1699, '0')",,[]
"(1523, 1698, '0')",,[]
"(172, 697, '0')",,[]
"(172, 302, '0')",,[]
"(1522, 1697, '0')",,[]
"(1521, 1696, '0')",,[]
"(173, 167, '0')",2506.000,[601350]
"(1520, 1695, '0')",,[]
"(174, 44, '0')",2510.000,[603108]
"(1519, 1694, '0')",,[]
"(1518, 1693, '0')",,[]
"(177, 173, '0')",2506.000,[601350]
"(1517, 1692, '0')",,[]
"(178, 204, '0')",1777.500,"[601212, 602212, 601212, 602212, 601212, 602212, 601212, 602212]"
"(426, 204, '0')",,[]
"(1516, 1691, '0')",,[]
"(1515, 1690, '0')",,[]
"(179, 183, '0')",952.000,"[601347, 601347, 601347, 601347]"
"(180, 267, '0')",,[]
"(1514, 1689, '0')",,[]
"(1513, 1688, '0')",,[]
"(181, 83, '0')",,[]
"(1512, 1687, '0')",,[]
"(182, 99, '0')",,[]
"(1511, 1686, '0')",,[]
"(1510, 1685, '0')",,[]
"(184, 108, '0')",,[]
"(1509, 1684, '0')",,[]
"(185, 186, '0')",2506.000,[601350]
"(1508, 1683, '0')",,[]
"(186, 184, '0')",2506.000,[601350]
"(187, 188, '0')",452.500,"[601247, 602247, 601247, 602247, 601247, 602247, 601247, 602247]"
"(1507, 1682, '0')",,[]
"(188, 87, '0')",1877.000,[602350]
"(1506, 1681, '0')",,[]
"(1505, 1680, '0')",,[]
"(189, 182, '0')",,[]
"(1504, 1679, '0')",,[]
"(190, 69, '0')",,[]
"(191, 171, '0')",1877.000,[602350]
"(1503, 1678, '0')",,[]
"(192, 191, '0')",1877.000,[602350]
"(1502, 1677, '0')",,[]
"(1501, 1676, '0')",,[]
"(1613, 1788, '0')",,[]
"(1500, 1675, '0')",,[]
"(1499, 1674, '0')",,[]
"(1498, 1673, '0')",,[]
"(195, 196, '0')",1557.000,[602517]
"(1497, 1672, '0')",,[]
"(196, 102, '0')",,[]
"(197, 270, '0')",,[]
"(620, 270, '0')",1465.000,[601522]
"(1496, 1671, '0')",,[]
"(1495, 1670, '0')",,[]
"(198, 202, '0')",872.000,[602526]
"(1494, 1669, '0')",,[]
"(199, 78, '0')",,[]
"(1493, 1668, '0')",,[]
"(1492, 1667, '0')",,[]
"(200, 84, '0')",1279.000,"[602520, 602520, 602520, 602520]"
"(1491, 1666, '0')",,[]
"(201, 199, '0')",,[]
"(1490, 1665, '0')",,[]
"(202, 411, '0')",,[]
"(202, 289, '0')",,[]
"(203, 415, '0')",3543.000,[601211]
"(203, 424, '0')",,[]
"(1489, 1664, '0')",,[]
"(204, 165, '0')",,[]
"(1488, 1663, '0')",,[]
"(1487, 1662, '0')",,[]
"(1486, 1661, '0')",,[]
"(1485, 1660, '0')",,[]
"(206, 56, '0')",,[]
"(206, 66, '0')",,[]
"(818, 66, '0')",,[]
"(206, 1216, '0')",,[]
"(206, 744, '0')",,[]
"(743, 744, '0')",,[]
"(1484, 1659, '0')",,[]
"(207, 1, '0')",,[]
"(1401, 1658, '0')",,[]
"(1400, 1657, '0')",,[]
"(1399, 1656, '0')",,[]
"(1396, 1655, '0')",,[]
"(1394, 1654, '0')",,[]
"(209, 33, '0')",,[]
"(840, 33, '0')",,[]
"(209, 672, '0')",,[]
"(209, 166, '0')",,[]
"(1393, 1653, '0')",,[]
"(1392, 1652, '0')",,[]
"(210, 1037, '0')",,[]
"(210, 1056, '0')",,[]
"(1055, 1056, '0')",,[]
"(210, 1060, '0')",,[]
"(210, 1030, '0')",,[]
"(1031, 1030, '0')",,[]
"(1386, 1651, '0')",,[]
"(1385, 1650, '0')",,[]
"(1383, 1649, '0')",,[]
"(211, 135, '0')",,[]
"(212, 266, '0')",1629.500,"[601256, 602256, 601256, 602256, 601256, 602256, 601256, 602256]"
"(1376, 1648, '0')",,[]
"(1375, 1647, '0')",,[]
"(214, 151, '0')",2980.000,[602540]
"(1361, 1646, '0')",,[]
"(215, 239, '0')",2768.000,[601206]
"(537, 239, '0')",,[]
"(216, 677, '0')",,[]
"(238, 677, '0')",,[]
"(1349, 1645, '0')",,[]
"(217, 528, '0')",3321.000,[602538]
"(1348, 1644, '0')",,[]
"(218, 1264, '0')",,[]
"(218, 74, '0')",,[]
"(845, 74, '0')",,[]
"(218, 844, '0')",,[]
"(218, 839, '0')",,[]
"(840, 839, '0')",,[]
"(1347, 1643, '0')",,[]
"(1346, 1642, '0')",,[]
"(1344, 1641, '0')",,[]
"(219, 47, '0')",,[]
"(1331, 1640, '0')",,[]
"(221, 1306, '0')",,[]
"(616, 1306, '0')",,[]
"(221, 905, '0')",,[]
"(221, 16, '0')",,[]
"(895, 16, '0')",,[]
"(221, 1350, '0')",,[]
"(1330, 1639, '0')",,[]
"(1329, 1638, '0')",,[]
"(1323, 1637, '0')",,[]
"(1322, 1636, '0')",,[]
"(223, 934, '0')",,[]
"(223, 901, '0')",,[]
"(1363, 901, '0')",,[]
"(629, 901, '0')",,[]
"(223, 1335, '0')",,[]
"(1321, 1635, '0')",,[]
"(224, 941, '0')",,[]
"(271, 941, '0')",,[]
"(225, 1364, '0')",,[]
"(1360, 1364, '0')",,[]
"(141, 816, '0')",,[]
"(815, 816, '0')",,[]
"(227, 705, '0')",,[]
"(305, 705, '0')",,[]
"(227, 709, '0')",,[]
"(227, 704, '0')",,[]
"(738, 704, '0')",,[]
"(227, 711, '0')",,[]
"(1285, 1634, '0')",,[]
"(1280, 1633, '0')",,[]
"(1244, 1632, '0')",,[]
"(1243, 1631, '0')",,[]
"(228, 192, '0')",1877.000,[602350]
"(1239, 1630, '0')",,[]
"(1230, 1629, '0')",,[]
"(1223, 1628, '0')",,[]
"(1220, 1627, '0')",,[]
"(1218, 1626, '0')",,[]
"(1618, 1198, '0')",,[]
"(1197, 1617, '0')",,[]
"(1615, 1195, '0')",,[]
"(1194, 1614, '0')",,[]
"(1482, 1145, '0')",,[]
"(1481, 1100, '0')",,[]
"(1477, 1095, '0')",,[]
"(1476, 1093, '0')",,[]
"(1472, 1092, '0')",,[]
"(1471, 1090, '0')",,[]
"(236, 260, '0')",4084.000,[601538]
"(1464, 1001, '0')",,[]
"(237, 143, '0')",,[]
"(1463, 997, '0')",,[]
"(1459, 996, '0')",,[]
"(1458, 995, '0')",,[]
"(239, 242, '0')",3482.000,[602536]
"(240, 236, '0')",1405.000,"[601415, 602415, 601415, 602415, 601415, 602415, 601415, 602415]"
"(517, 236, '0')",,[]
"(1457, 948, '0')",,[]
"(1456, 927, '0')",,[]
"(241, 240, '0')",1961.600,[601416]
"(522, 240, '0')",,[]
"(1451, 925, '0')",,[]
"(242, 244, '0')",,[]
"(243, 261, '0')",4124.000,[601536]
"(1450, 923, '0')",,[]
"(1445, 922, '0')",,[]
"(244, 504, '0')",,[]
"(244, 245, '0')",,[]
"(1444, 781, '0')",,[]
"(246, 243, '0')",,[]
"(1435, 780, '0')",,[]
"(1434, 776, '0')",,[]
"(247, 249, '0')",,[]
"(248, 246, '0')",1595.500,"[601414, 602414, 601414, 602414, 601414, 602414, 601414, 602414]"
"(501, 246, '0')",2182.500,"[601414, 602414, 601414, 602414, 601414, 602414, 601414, 602414]"
"(1432, 731, '0')",,[]
"(249, 251, '0')",,[]
"(1431, 730, '0')",,[]
"(1429, 727, '0')",,[]
"(250, 497, '0')",,[]
"(251, 464, '0')",2218.000,"[601412, 602412, 601412, 602412, 601412, 602412, 601412, 602412]"
"(251, 252, '0')",2158.400,[601412]
"(479, 252, '0')",,[]
"(1425, 726, '0')",,[]
"(1423, 700, '0')",,[]
"(1422, 699, '0')",,[]
"(1420, 679, '0')",,[]
"(258, 156, '0')",1447.500,"[601417, 601417, 602417, 601417, 602417]"
"(548, 156, '0')",,[]
"(1419, 678, '0')",,[]
"(259, 258, '0')",1447.500,"[601417, 601417, 602417, 601417, 602417]"
"(1418, 674, '0')",,[]
"(260, 546, '0')",,[]
"(261, 241, '0')",,[]
"(261, 513, '0')",,[]
"(1417, 661, '0')",,[]
"(1415, 660, '0')",,[]
"(262, 489, '0')",,[]
"(263, 466, '0')",,[]
"(1411, 659, '0')",,[]
"(264, 263, '0')",,[]
"(1405, 658, '0')",,[]
"(1404, 656, '0')",,[]
"(1403, 655, '0')",,[]
"(265, 301, '0')",,[]
"(266, 265, '0')",3943.000,[601530]
"(300, 265, '0')",3093.000,[601530]
"(1402, 653, '0')",,[]
"(267, 212, '0')",,[]
"(267, 65, '0')",,[]
"(1395, 651, '0')",,[]
"(268, 180, '0')",3349.000,[601528]
"(268, 13, '0')",2383.000,[601528]
"(1388, 650, '0')",,[]
"(1382, 648, '0')",,[]
"(269, 624, '0')",1673.000,[602522]
"(269, 288, '0')",1673.000,[602522]
"(270, 342, '0')",,[]
"(1381, 643, '0')",,[]
"(1367, 642, '0')",,[]
"(1366, 630, '0')",,[]
"(1365, 629, '0')",,[]
"(148, 273, '0')",,[]
"(273, 274, '0')",,[]
"(1362, 628, '0')",,[]
"(274, 275, '0')",,[]
"(1359, 627, '0')",,[]
"(275, 276, '0')",,[]
"(1355, 625, '0')",,[]
"(276, 277, '0')",547.500,"[602222, 601222, 602222, 601222, 602222, 601222, 602222, 601222]"
"(1334, 623, '0')",,[]
"(277, 278, '0')",1863.000,[601517]
"(1318, 622, '0')",,[]
"(278, 284, '0')",,[]
"(1317, 619, '0')",,[]
"(279, 282, '0')",,[]
"(1311, 617, '0')",,[]
"(280, 283, '0')",,[]
"(1309, 616, '0')",,[]
"(281, 280, '0')",,[]
"(281, 649, '0')",,[]
"(1307, 615, '0')",,[]
"(282, 281, '0')",895.000,[601520]
"(1302, 614, '0')",,[]
"(283, 197, '0')",1465.000,[601522]
"(1301, 613, '0')",,[]
"(1300, 612, '0')",,[]
"(284, 285, '0')",1625.000,[601220]
"(1298, 611, '0')",,[]
"(285, 286, '0')",417.750,"[602220, 602221, 602220, 602221, 602220, 602221, 602220, 602221]"
"(286, 279, '0')",,[]
"(1295, 610, '0')",,[]
"(1294, 609, '0')",,[]
"(1290, 608, '0')",,[]
"(1289, 607, '0')",,[]
"(289, 351, '0')",,[]
"(1283, 606, '0')",,[]
"(290, 169, '0')",3142.000,[601108]
"(1282, 605, '0')",,[]
"(1278, 582, '0')",,[]
"(1277, 581, '0')",,[]
"(1273, 578, '0')",,[]
"(1272, 576, '0')",,[]
"(1266, 575, '0')",,[]
"(1262, 574, '0')",,[]
"(1258, 573, '0')",,[]
"(1257, 572, '0')",,[]
"(1254, 571, '0')",,[]
"(1251, 570, '0')",,[]
"(1249, 567, '0')",,[]
"(1246, 566, '0')",,[]
"(1242, 565, '0')",,[]
"(1240, 564, '0')",,[]
"(1234, 563, '0')",,[]
"(1225, 562, '0')",,[]
"(1219, 561, '0')",,[]
"(299, 300, '0')",,[]
"(307, 300, '0')",,[]
"(1212, 553, '0')",,[]
"(1208, 552, '0')",,[]
"(1206, 550, '0')",,[]
"(301, 24, '0')",,[]
"(301, 264, '0')",4108.000,[601213]
"(673, 264, '0')",2127.500,"[601213, 602213, 601213, 602213, 601213, 602213, 601213, 602213]"
"(1199, 549, '0')",,[]
"(302, 170, '0')",,[]
"(1187, 544, '0')",,[]
"(1186, 543, '0')",,[]
"(1173, 541, '0')",,[]
"(303, 22, '0')",,[]
"(1172, 540, '0')",,[]
"(1161, 538, '0')",,[]
"(1146, 536, '0')",,[]
"(535, 1144, '0')",,[]
"(1142, 533, '0')",,[]
"(1135, 531, '0')",,[]
"(1130, 530, '0')",,[]
"(1118, 526, '0')",,[]
"(308, 310, '0')",,[]
"(1115, 525, '0')",,[]
"(1102, 523, '0')",,[]
"(309, 308, '0')",,[]
"(1065, 521, '0')",,[]
"(310, 445, '0')",,[]
"(1054, 520, '0')",,[]
"(1050, 518, '0')",,[]
"(1049, 516, '0')",,[]
"(515, 1040, '0')",,[]
"(313, 314, '0')",2000.000,[602530]
"(1038, 512, '0')",,[]
"(314, 326, '0')",,[]
"(314, 312, '0')",,[]
"(1034, 511, '0')",,[]
"(1022, 507, '0')",,[]
"(1014, 506, '0')",,[]
"(1010, 505, '0')",,[]
"(1002, 502, '0')",,[]
"(970, 500, '0')",,[]
"(966, 499, '0')",,[]
"(965, 492, '0')",,[]
"(960, 490, '0')",,[]
"(951, 487, '0')",,[]
"(943, 485, '0')",,[]
"(942, 482, '0')",,[]
"(926, 480, '0')",,[]
"(919, 478, '0')",,[]
"(911, 474, '0')",,[]
"(910, 472, '0')",,[]
"(885, 463, '0')",,[]
"(872, 462, '0')",,[]
"(871, 456, '0')",,[]
"(866, 455, '0')",,[]
"(864, 454, '0')",,[]
"(325, 208, '0')",,[]
"(325, 324, '0')",,[]
"(860, 453, '0')",,[]
"(859, 450, '0')",,[]
"(851, 443, '0')",,[]
"(850, 442, '0')",,[]
"(836, 420, '0')",,[]
"(831, 418, '0')",,[]
"(807, 387, '0')",,[]
"(801, 384, '0')",,[]
"(797, 383, '0')",,[]
"(796, 382, '0')",,[]
"(788, 376, '0')",,[]
"(782, 374, '0')",,[]
"(779, 366, '0')",,[]
"(778, 364, '0')",,[]
"(763, 349, '0')",,[]
"(330, 331, '0')",,[]
"(760, 329, '0')",,[]
"(331, 336, '0')",,[]
"(754, 327, '0')",,[]
"(752, 323, '0')",,[]
"(750, 322, '0')",,[]
"(749, 321, '0')",,[]
"(736, 319, '0')",,[]
"(332, 134, '0')",,[]
"(732, 318, '0')",,[]
"(725, 317, '0')",,[]
"(1470, 1087, '0')",,[]
"(316, 724, '0')",,[]
"(723, 315, '0')",,[]
"(311, 714, '0')",,[]
"(713, 306, '0')",,[]
"(701, 305, '0')",,[]
"(334, 333, '0')",,[]
"(304, 694, '0')",,[]
"(693, 298, '0')",,[]
"(646, 297, '0')",,[]
"(335, 304, '0')",,[]
"(645, 296, '0')",,[]
"(336, 681, '0')",,[]
"(294, 644, '0')",,[]
"(590, 292, '0')",,[]
"(337, 692, '0')",2268.000,[602612]
"(291, 589, '0')",,[]
"(338, 339, '0')",,[]
"(338, 686, '0')",,[]
"(339, 334, '0')",,[]
"(496, 271, '0')",,[]
"(340, 664, '0')",,[]
"(344, 664, '0')",,[]
"(340, 354, '0')",,[]
"(193, 354, '0')",,[]
"(357, 354, '0')",,[]
"(437, 354, '0')",,[]
"(340, 345, '0')",3131.000,[601209]
"(357, 345, '0')",,[]
"(362, 345, '0')",,[]
"(494, 257, '0')",,[]
"(341, 269, '0')",,[]
"(469, 256, '0')",,[]
"(468, 255, '0')",,[]
"(342, 343, '0')",,[]
"(342, 669, '0')",2683.000,[601209]
"(421, 254, '0')",,[]
"(343, 340, '0')",,[]
"(354, 340, '0')",,[]
"(664, 340, '0')",,[]
"(344, 355, '0')",,[]
"(432, 355, '0')",,[]
"(1192, 355, '0')",,[]
"(1623, 355, '0')",,[]
"(406, 235, '0')",,[]
"(377, 234, '0')",,[]
"(372, 233, '0')",,[]
"(345, 357, '0')",,[]
"(230, 357, '0')",,[]
"(354, 357, '0')",,[]
"(379, 357, '0')",,[]
"(345, 356, '0')",,[]
"(194, 1623, '0')",,[]
"(355, 1623, '0')",,[]
"(367, 232, '0')",,[]
"(359, 231, '0')",,[]
"(353, 230, '0')",,[]
"(352, 229, '0')",,[]
"(350, 344, '0')",,[]
"(355, 344, '0')",,[]
"(664, 344, '0')",,[]
"(347, 194, '0')",,[]
"(351, 348, '0')",,[]
"(351, 100, '0')",,[]
"(346, 193, '0')",,[]
"(229, 1192, '0')",,[]
"(355, 1192, '0')",,[]
"(430, 1192, '0')",,[]
"(354, 437, '0')",,[]
"(439, 437, '0')",,[]
"(354, 1606, '0')",,[]
"(272, 148, '0')",,[]
"(355, 432, '0')",,[]
"(431, 432, '0')",,[]
"(226, 141, '0')",,[]
"(220, 111, '0')",,[]
"(356, 358, '0')",,[]
"(379, 358, '0')",,[]
"(663, 358, '0')",,[]
"(356, 360, '0')",,[]
"(357, 379, '0')",,[]
"(358, 379, '0')",,[]
"(234, 379, '0')",,[]
"(357, 1604, '0')",,[]
"(176, 109, '0')",,[]
"(358, 663, '0')",,[]
"(378, 663, '0')",,[]
"(108, 175, '0')",,[]
"(231, 378, '0')",,[]
"(410, 378, '0')",,[]
"(430, 378, '0')",,[]
"(663, 378, '0')",,[]
"(104, 96, '0')",,[]
"(360, 361, '0')",,[]
"(83, 88, '0')",,[]
"(80, 53, '0')",,[]
"(42, 21, '0')",,[]
"(362, 363, '0')",,[]
"(363, 365, '0')",,[]
"(28, 11, '0')",,[]
"(1612, 1787, '0')",,[]
"(1611, 1786, '0')",,[]
"(1610, 1785, '0')",,[]
"(232, 431, '0')",,[]
"(370, 431, '0')",,[]
"(432, 431, '0')",,[]
"(665, 431, '0')",,[]
"(368, 438, '0')",,[]
"(435, 438, '0')",,[]
"(368, 434, '0')",,[]
"(436, 434, '0')",,[]
"(439, 434, '0')",,[]
"(666, 434, '0')",,[]
"(368, 441, '0')",,[]
"(434, 441, '0')",,[]
"(439, 441, '0')",,[]
"(1609, 1784, '0')",,[]
"(1561, 1736, '0')",,[]
"(370, 435, '0')",,[]
"(438, 435, '0')",,[]
"(370, 371, '0')",,[]
"(1559, 1734, '0')",,[]
"(371, 373, '0')",,[]
"(233, 375, '0')",,[]
"(666, 375, '0')",,[]
"(1606, 1781, '0')",,[]
"(1605, 1780, '0')",,[]
"(1604, 1779, '0')",,[]
"(375, 666, '0')",,[]
"(434, 666, '0')",,[]
"(375, 1608, '0')",,[]
"(1603, 1778, '0')",,[]
"(1602, 1777, '0')",,[]
"(1601, 1776, '0')",,[]
"(378, 430, '0')",,[]
"(1192, 430, '0')",,[]
"(378, 1601, '0')",,[]
"(1600, 1775, '0')",,[]
"(379, 1602, '0')",,[]
"(1599, 1774, '0')",,[]
"(380, 401, '0')",,[]
"(380, 386, '0')",,[]
"(394, 386, '0')",,[]
"(395, 386, '0')",,[]
"(1598, 1773, '0')",,[]
"(1597, 1772, '0')",,[]
"(381, 380, '0')",,[]
"(386, 380, '0')",,[]
"(389, 380, '0')",,[]
"(1596, 1771, '0')",,[]
"(1595, 1770, '0')",,[]
"(1594, 1769, '0')",,[]
"(1593, 1768, '0')",,[]
"(1592, 1767, '0')",,[]
"(1591, 1766, '0')",,[]
"(1590, 1765, '0')",,[]
"(385, 203, '0')",3499.000,[601526]
"(1589, 1764, '0')",,[]
"(1588, 1763, '0')",,[]
"(386, 396, '0')",,[]
"(1587, 1762, '0')",,[]
"(1586, 1761, '0')",,[]
"(1585, 1760, '0')",,[]
"(1584, 1759, '0')",,[]
"(388, 391, '0')",,[]
"(1583, 1758, '0')",,[]
"(389, 392, '0')",,[]
"(390, 429, '0')",,[]
"(1158, 429, '0')",,[]
"(390, 423, '0')",,[]
"(1159, 423, '0')",,[]
"(390, 417, '0')",,[]
"(390, 388, '0')",,[]
"(1582, 1757, '0')",,[]
"(1581, 1756, '0')",,[]
"(391, 389, '0')",,[]
"(1580, 1755, '0')",,[]
"(1579, 1754, '0')",,[]
"(1578, 1753, '0')",,[]
"(393, 101, '0')",,[]
"(415, 101, '0')",,[]
"(394, 399, '0')",,[]
"(394, 400, '0')",,[]
"(408, 400, '0')",,[]
"(413, 400, '0')",,[]
"(394, 667, '0')",,[]
"(1577, 1752, '0')",,[]
"(1576, 1751, '0')",,[]
"(395, 394, '0')",,[]
"(398, 394, '0')",,[]
"(1575, 1750, '0')",,[]
"(1574, 1749, '0')",,[]
"(396, 1169, '0')",,[]
"(397, 410, '0')",,[]
"(1573, 1748, '0')",,[]
"(1572, 1747, '0')",,[]
"(399, 405, '0')",,[]
"(667, 405, '0')",,[]
"(1571, 1746, '0')",,[]
"(400, 408, '0')",,[]
"(1155, 408, '0')",,[]
"(1158, 408, '0')",,[]
"(400, 403, '0')",,[]
"(400, 398, '0')",,[]
"(1570, 1745, '0')",,[]
"(1569, 1744, '0')",,[]
"(401, 404, '0')",,[]
"(1568, 1743, '0')",,[]
"(402, 428, '0')",,[]
"(1567, 1742, '0')",,[]
"(1566, 1741, '0')",,[]
"(1565, 1740, '0')",,[]
"(403, 402, '0')",,[]
"(404, 402, '0')",,[]
"(1564, 1739, '0')",,[]
"(1563, 1738, '0')",,[]
"(1562, 1737, '0')",,[]
"(405, 426, '0')",1717.500,"[601212, 602212, 601212, 602212, 601212, 602212, 601212, 602212]"
"(235, 1163, '0')",,[]
"(1164, 1163, '0')",,[]
"(1608, 1783, '0')",,[]
"(407, 1160, '0')",,[]
"(1164, 1160, '0')",,[]
"(1166, 1160, '0')",,[]
"(1168, 1160, '0')",,[]
"(408, 1155, '0')",,[]
"(1153, 1155, '0')",,[]
"(408, 1158, '0')",,[]
"(429, 1158, '0')",,[]
"(1560, 1735, '0')",,[]
"(409, 1139, '0')",,[]
"(1140, 1139, '0')",,[]
"(1143, 1139, '0')",,[]
"(409, 1143, '0')",,[]
"(1109, 1143, '0')",,[]
"(1139, 1143, '0')",,[]
"(409, 1138, '0')",,[]
"(1109, 1138, '0')",,[]
"(1607, 1782, '0')",,[]
"(411, 397, '0')",,[]
"(1558, 1733, '0')",,[]
"(412, 136, '0')",,[]
"(414, 198, '0')",,[]
"(419, 198, '0')",,[]
"(254, 1159, '0')",,[]
"(423, 1159, '0')",,[]
"(422, 1151, '0')",,[]
"(531, 1151, '0')",,[]
"(422, 1157, '0')",,[]
"(1156, 1157, '0')",,[]
"(422, 1153, '0')",,[]
"(1155, 1153, '0')",,[]
"(422, 1154, '0')",,[]
"(1152, 1154, '0')",,[]
"(1153, 1154, '0')",,[]
"(423, 390, '0')",,[]
"(428, 390, '0')",,[]
"(429, 390, '0')",,[]
"(425, 413, '0')",,[]
"(427, 395, '0')",,[]
"(431, 665, '0')",,[]
"(433, 665, '0')",,[]
"(431, 370, '0')",,[]
"(435, 370, '0')",,[]
"(431, 1607, '0')",,[]
"(434, 368, '0')",,[]
"(438, 368, '0')",,[]
"(434, 436, '0')",,[]
"(434, 439, '0')",,[]
"(437, 439, '0')",,[]
"(440, 369, '0')",2909.000,[601209]
"(441, 440, '0')",,[]
"(444, 211, '0')",,[]
"(444, 449, '0')",,[]
"(444, 25, '0')",,[]
"(445, 162, '0')",,[]
"(445, 313, '0')",,[]
"(451, 29, '0')",,[]
"(670, 29, '0')",,[]
"(1042, 29, '0')",,[]
"(1044, 29, '0')",,[]
"(457, 467, '0')",,[]
"(457, 989, '0')",,[]
"(937, 989, '0')",,[]
"(458, 470, '0')",,[]
"(982, 470, '0')",,[]
"(991, 470, '0')",,[]
"(458, 460, '0')",,[]
"(459, 477, '0')",,[]
"(459, 458, '0')",,[]
"(461, 458, '0')",2158.400,[601412]
"(470, 458, '0')",,[]
"(460, 483, '0')",,[]
"(460, 457, '0')",,[]
"(486, 457, '0')",2386.000,[601214]
"(989, 457, '0')",,[]
"(465, 3, '0')",,[]
"(466, 262, '0')",,[]
"(467, 491, '0')",2415.000,"[601215, 602215, 601215, 602215, 601215, 602215, 601215, 602215]"
"(467, 459, '0')",,[]
"(255, 991, '0')",,[]
"(470, 991, '0')",,[]
"(256, 992, '0')",,[]
"(1000, 992, '0')",,[]
"(470, 982, '0')",,[]
"(964, 982, '0')",,[]
"(470, 471, '0')",2266.000,"[601413, 602413, 601413, 602413, 601413, 602413, 601413, 602413]"
"(475, 977, '0')",,[]
"(476, 974, '0')",,[]
"(975, 974, '0')",,[]
"(977, 974, '0')",,[]
"(476, 983, '0')",,[]
"(976, 983, '0')",,[]
"(476, 978, '0')",,[]
"(964, 978, '0')",,[]
"(981, 978, '0')",,[]
"(476, 957, '0')",,[]
"(978, 957, '0')",,[]
"(481, 1406, '0')",,[]
"(1408, 1406, '0')",,[]
"(481, 1413, '0')",,[]
"(1410, 1413, '0')",,[]
"(481, 1024, '0')",,[]
"(1023, 1024, '0')",,[]
"(484, 253, '0')",,[]
"(489, 253, '0')",2386.000,[601214]
"(489, 488, '0')",2417.500,"[601214, 602214, 601214, 602214, 601214, 602214, 601214, 602214]"
"(257, 929, '0')",,[]
"(928, 929, '0')",,[]
"(495, 1354, '0')",,[]
"(1351, 1354, '0')",,[]
"(495, 1368, '0')",,[]
"(1371, 1368, '0')",,[]
"(495, 224, '0')",,[]
"(941, 224, '0')",,[]
"(504, 503, '0')",,[]
"(508, 1325, '0')",,[]
"(509, 1325, '0')",,[]
"(509, 1326, '0')",,[]
"(509, 1620, '0')",,[]
"(509, 888, '0')",,[]
"(611, 888, '0')",,[]
"(528, 527, '0')",,[]
"(528, 155, '0')",,[]
"(539, 41, '0')",1440.000,"[601417, 602417, 601417, 602417, 601417, 602417, 601417, 602417]"
"(539, 222, '0')",,[]
"(546, 545, '0')",,[]
"(546, 259, '0')",,[]
"(547, 217, '0')",,[]
"(554, 542, '0')",,[]
"(556, 554, '0')",,[]
"(556, 152, '0')",,[]
"(559, 227, '0')",,[]
"(702, 227, '0')",,[]
"(704, 227, '0')",,[]
"(705, 227, '0')",,[]
"(568, 770, '0')",,[]
"(774, 770, '0')",,[]
"(783, 770, '0')",,[]
"(787, 770, '0')",,[]
"(583, 585, '0')",,[]
"(584, 588, '0')",1646.667,"[629953, 639953, 629953, 639953, 629953, 639953, 629953, 639953]"
"(585, 591, '0')",,[]
"(586, 584, '0')",,[]
"(587, 583, '0')",1994.000,[619953]
"(588, 291, '0')",,[]
"(292, 587, '0')",,[]
"(591, 593, '0')",,[]
"(592, 586, '0')",,[]
"(593, 595, '0')",,[]
"(594, 626, '0')",,[]
"(595, 597, '0')",,[]
"(596, 594, '0')",,[]
"(597, 618, '0')",,[]
"(597, 599, '0')",,[]
"(598, 596, '0')",,[]
"(599, 601, '0')",,[]
"(600, 598, '0')",,[]
"(621, 598, '0')",,[]
"(602, 600, '0')",,[]
"(603, 1194, '0')",,[]
"(604, 657, '0')",,[]
"(604, 602, '0')",,[]
"(626, 592, '0')",,[]
"(1198, 1619, '0')",,[]
"(631, 635, '0')",2954.000,[601202]
"(632, 1197, '0')",,[]
"(633, 637, '0')",,[]
"(634, 636, '0')",,[]
"(635, 633, '0')",,[]
"(636, 632, '0')",,[]
"(637, 1096, '0')",,[]
"(637, 639, '0')",2102.400,[601204]
"(638, 634, '0')",2798.000,[601203]
"(1094, 634, '0')",,[]
"(639, 641, '0')",,[]
"(1101, 641, '0')",,[]
"(641, 86, '0')",1579.000,[601344]
"(296, 577, '0')",,[]
"(297, 662, '0')",,[]
"(1123, 662, '0')",,[]
"(647, 294, '0')",,[]
"(662, 1123, '0')",,[]
"(1124, 1123, '0')",,[]
"(1131, 1123, '0')",,[]
"(1149, 1123, '0')",,[]
"(662, 1589, '0')",,[]
"(665, 433, '0')",,[]
"(668, 341, '0')",,[]
"(671, 937, '0')",,[]
"(987, 937, '0')",,[]
"(989, 937, '0')",,[]
"(990, 937, '0')",,[]
"(675, 1440, '0')",,[]
"(1443, 1440, '0')",,[]
"(675, 1066, '0')",,[]
"(1104, 1066, '0')",,[]
"(1105, 1066, '0')",,[]
"(1106, 1066, '0')",,[]
"(676, 174, '0')",2946.000,[601348]
"(677, 149, '0')",2037.000,[601542]
"(680, 696, '0')",,[]
"(681, 680, '0')",,[]
"(682, 685, '0')",2579.000,[601612]
"(683, 684, '0')",,[]
"(684, 682, '0')",,[]
"(685, 335, '0')",,[]
"(687, 695, '0')",,[]
"(688, 689, '0')",,[]
"(689, 338, '0')",1246.250,"[601228, 602228, 601228, 602228, 601228, 602228, 601228, 602228]"
"(690, 691, '0')",,[]
"(691, 687, '0')",,[]
"(692, 690, '0')",,[]
"(298, 337, '0')",,[]
"(695, 688, '0')",,[]
"(696, 683, '0')",,[]
"(697, 295, '0')",,[]
"(698, 15, '0')",,[]
"(704, 707, '0')",,[]
"(705, 1223, '0')",,[]
"(706, 1193, '0')",,[]
"(706, 715, '0')",,[]
"(855, 715, '0')",,[]
"(706, 710, '0')",,[]
"(709, 105, '0')",,[]
"(710, 719, '0')",,[]
"(711, 703, '0')",,[]
"(306, 729, '0')",,[]
"(715, 855, '0')",,[]
"(318, 855, '0')",,[]
"(716, 717, '0')",,[]
"(718, 716, '0')",,[]
"(718, 722, '0')",,[]
"(820, 722, '0')",,[]
"(718, 720, '0')",,[]
"(719, 718, '0')",,[]
"(721, 718, '0')",,[]
"(722, 718, '0')",,[]
"(720, 822, '0')",,[]
"(722, 820, '0')",,[]
"(315, 820, '0')",,[]
"(317, 821, '0')",,[]
"(728, 311, '0')",,[]
"(733, 734, '0')",,[]
"(734, 735, '0')",,[]
"(740, 735, '0')",,[]
"(746, 735, '0')",,[]
"(748, 735, '0')",,[]
"(735, 740, '0')",,[]
"(742, 740, '0')",,[]
"(735, 745, '0')",,[]
"(735, 748, '0')",,[]
"(819, 748, '0')",,[]
"(735, 739, '0')",,[]
"(739, 972, '0')",,[]
"(971, 972, '0')",,[]
"(739, 969, '0')",,[]
"(973, 969, '0')",,[]
"(740, 741, '0')",,[]
"(741, 743, '0')",,[]
"(744, 743, '0')",,[]
"(751, 743, '0')",,[]
"(743, 751, '0')",,[]
"(322, 751, '0')",,[]
"(743, 742, '0')",,[]
"(745, 747, '0')",,[]
"(753, 747, '0')",,[]
"(755, 747, '0')",,[]
"(757, 747, '0')",,[]
"(747, 755, '0')",,[]
"(775, 755, '0')",,[]
"(747, 756, '0')",,[]
"(747, 753, '0')",,[]
"(327, 753, '0')",,[]
"(747, 746, '0')",,[]
"(748, 819, '0')",,[]
"(321, 819, '0')",,[]
"(751, 1244, '0')",,[]
"(753, 1322, '0')",,[]
"(756, 758, '0')",,[]
"(759, 758, '0')",,[]
"(764, 758, '0')",,[]
"(768, 758, '0')",,[]
"(758, 757, '0')",,[]
"(758, 768, '0')",,[]
"(761, 768, '0')",,[]
"(758, 765, '0')",,[]
"(758, 759, '0')",,[]
"(329, 759, '0')",,[]
"(759, 1344, '0')",,[]
"(761, 1224, '0')",,[]
"(766, 1224, '0')",,[]
"(1226, 1224, '0')",,[]
"(762, 764, '0')",,[]
"(762, 993, '0')",,[]
"(802, 993, '0')",,[]
"(762, 805, '0')",,[]
"(762, 806, '0')",,[]
"(349, 806, '0')",,[]
"(765, 762, '0')",,[]
"(803, 762, '0')",,[]
"(806, 762, '0')",,[]
"(993, 762, '0')",,[]
"(766, 767, '0')",,[]
"(771, 767, '0')",,[]
"(767, 771, '0')",,[]
"(772, 771, '0')",,[]
"(767, 766, '0')",,[]
"(1224, 766, '0')",,[]
"(768, 761, '0')",,[]
"(1224, 761, '0')",,[]
"(769, 1214, '0')",,[]
"(769, 1211, '0')",,[]
"(1213, 1211, '0')",,[]
"(770, 783, '0')",,[]
"(374, 783, '0')",,[]
"(770, 773, '0')",,[]
"(770, 1221, '0')",,[]
"(771, 772, '0')",,[]
"(773, 772, '0')",,[]
"(789, 772, '0')",,[]
"(794, 772, '0')",,[]
"(772, 774, '0')",,[]
"(772, 789, '0')",,[]
"(376, 789, '0')",,[]
"(772, 793, '0')",,[]
"(783, 1329, '0')",,[]
"(789, 1346, '0')",,[]
"(790, 792, '0')",,[]
"(790, 799, '0')",,[]
"(383, 799, '0')",,[]
"(790, 795, '0')",,[]
"(790, 798, '0')",,[]
"(382, 798, '0')",,[]
"(791, 790, '0')",,[]
"(793, 790, '0')",,[]
"(798, 790, '0')",,[]
"(799, 790, '0')",,[]
"(792, 1200, '0')",,[]
"(1201, 1200, '0')",,[]
"(795, 129, '0')",,[]
"(809, 129, '0')",,[]
"(814, 129, '0')",,[]
"(817, 129, '0')",,[]
"(798, 1349, '0')",,[]
"(799, 1348, '0')",,[]
"(800, 791, '0')",,[]
"(384, 802, '0')",,[]
"(993, 802, '0')",,[]
"(802, 1361, '0')",,[]
"(805, 1205, '0')",,[]
"(806, 1375, '0')",,[]
"(808, 838, '0')",,[]
"(837, 838, '0')",,[]
"(808, 1261, '0')",,[]
"(808, 1238, '0')",,[]
"(812, 846, '0')",,[]
"(813, 815, '0')",,[]
"(816, 815, '0')",,[]
"(814, 813, '0')",,[]
"(815, 813, '0')",,[]
"(816, 1385, '0')",,[]
"(818, 1243, '0')",,[]
"(819, 1280, '0')",,[]
"(820, 1218, '0')",,[]
"(821, 721, '0')",,[]
"(822, 316, '0')",,[]
"(823, 1386, '0')",,[]
"(824, 834, '0')",,[]
"(833, 834, '0')",,[]
"(824, 1248, '0')",,[]
"(1247, 1248, '0')",,[]
"(567, 1248, '0')",,[]
"(824, 832, '0')",,[]
"(418, 832, '0')",,[]
"(824, 1256, '0')",,[]
"(825, 824, '0')",,[]
"(829, 824, '0')",,[]
"(832, 824, '0')",,[]
"(834, 824, '0')",,[]
"(828, 826, '0')",,[]
"(832, 1484, '0')",,[]
"(834, 833, '0')",,[]
"(1241, 833, '0')",,[]
"(420, 837, '0')",,[]
"(838, 837, '0')",,[]
"(837, 1399, '0')",,[]
"(840, 853, '0')",,[]
"(443, 853, '0')",,[]
"(840, 854, '0')",,[]
"(852, 854, '0')",,[]
"(841, 881, '0')",,[]
"(880, 881, '0')",,[]
"(841, 1288, '0')",,[]
"(841, 1279, '0')",,[]
"(842, 1276, '0')",,[]
"(581, 1276, '0')",,[]
"(842, 867, '0')",,[]
"(869, 867, '0')",,[]
"(842, 843, '0')",,[]
"(844, 842, '0')",,[]
"(867, 842, '0')",,[]
"(870, 842, '0')",,[]
"(845, 1492, '0')",,[]
"(847, 1495, '0')",,[]
"(848, 882, '0')",,[]
"(1281, 882, '0')",,[]
"(848, 1297, '0')",,[]
"(848, 890, '0')",,[]
"(889, 890, '0')",,[]
"(848, 1268, '0')",,[]
"(849, 848, '0')",,[]
"(882, 848, '0')",,[]
"(890, 848, '0')",,[]
"(891, 848, '0')",,[]
"(442, 852, '0')",,[]
"(854, 852, '0')",,[]
"(852, 1494, '0')",,[]
"(853, 1493, '0')",,[]
"(855, 1220, '0')",,[]
"(856, 858, '0')",,[]
"(857, 858, '0')",,[]
"(861, 858, '0')",,[]
"(863, 858, '0')",,[]
"(858, 861, '0')",,[]
"(450, 861, '0')",,[]
"(858, 1253, '0')",,[]
"(571, 1253, '0')",,[]
"(858, 863, '0')",,[]
"(862, 863, '0')",,[]
"(858, 1247, '0')",,[]
"(453, 862, '0')",,[]
"(863, 862, '0')",,[]
"(861, 1488, '0')",,[]
"(862, 1489, '0')",,[]
"(454, 889, '0')",,[]
"(890, 889, '0')",,[]
"(455, 869, '0')",,[]
"(867, 869, '0')",,[]
"(869, 1497, '0')",,[]
"(456, 892, '0')",,[]
"(880, 892, '0')",,[]
"(462, 875, '0')",,[]
"(877, 875, '0')",,[]
"(874, 886, '0')",,[]
"(887, 886, '0')",,[]
"(874, 1299, '0')",,[]
"(612, 1299, '0')",,[]
"(874, 876, '0')",,[]
"(877, 876, '0')",,[]
"(874, 1286, '0')",,[]
"(608, 1286, '0')",,[]
"(875, 877, '0')",,[]
"(876, 877, '0')",,[]
"(875, 1508, '0')",,[]
"(881, 880, '0')",,[]
"(892, 880, '0')",,[]
"(882, 1281, '0')",,[]
"(1284, 1281, '0')",,[]
"(884, 509, '0')",,[]
"(893, 509, '0')",,[]
"(898, 509, '0')",,[]
"(1325, 509, '0')",,[]
"(463, 887, '0')",,[]
"(886, 887, '0')",,[]
"(887, 1507, '0')",,[]
"(889, 1504, '0')",,[]
"(892, 1502, '0')",,[]
"(894, 508, '0')",,[]
"(1325, 508, '0')",,[]
"(894, 1513, '0')",,[]
"(895, 1518, '0')",,[]
"(896, 1293, '0')",,[]
"(1292, 1293, '0')",,[]
"(1296, 1293, '0')",,[]
"(609, 1293, '0')",,[]
"(897, 913, '0')",,[]
"(912, 913, '0')",,[]
"(897, 1337, '0')",,[]
"(897, 914, '0')",,[]
"(1474, 914, '0')",,[]
"(897, 1327, '0')",,[]
"(899, 897, '0')",,[]
"(913, 897, '0')",,[]
"(914, 897, '0')",,[]
"(916, 897, '0')",,[]
"(900, 223, '0')",,[]
"(901, 223, '0')",,[]
"(930, 223, '0')",,[]
"(933, 223, '0')",,[]
"(901, 1363, '0')",,[]
"(1360, 1363, '0')",,[]
"(901, 1531, '0')",,[]
"(902, 1357, '0')",,[]
"(1356, 1357, '0')",,[]
"(902, 915, '0')",,[]
"(1475, 915, '0')",,[]
"(902, 1358, '0')",,[]
"(1352, 1358, '0')",,[]
"(902, 918, '0')",,[]
"(917, 918, '0')",,[]
"(903, 904, '0')",,[]
"(903, 921, '0')",,[]
"(478, 921, '0')",,[]
"(903, 1356, '0')",,[]
"(1357, 1356, '0')",,[]
"(907, 902, '0')",,[]
"(908, 902, '0')",,[]
"(915, 902, '0')",,[]
"(918, 902, '0')",,[]
"(472, 912, '0')",,[]
"(913, 912, '0')",,[]
"(474, 917, '0')",,[]
"(918, 917, '0')",,[]
"(912, 1523, '0')",,[]
"(917, 1524, '0')",,[]
"(921, 1521, '0')",,[]
"(928, 163, '0')",,[]
"(930, 163, '0')",,[]
"(929, 1529, '0')",,[]
"(931, 935, '0')",,[]
"(931, 953, '0')",,[]
"(952, 953, '0')",,[]
"(931, 998, '0')",,[]
"(932, 933, '0')",,[]
"(932, 946, '0')",,[]
"(945, 946, '0')",,[]
"(932, 936, '0')",,[]
"(932, 944, '0')",,[]
"(485, 944, '0')",,[]
"(934, 932, '0')",,[]
"(935, 932, '0')",,[]
"(944, 932, '0')",,[]
"(946, 932, '0')",,[]
"(936, 931, '0')",,[]
"(949, 931, '0')",,[]
"(953, 931, '0')",,[]
"(958, 931, '0')",,[]
"(937, 1391, '0')",,[]
"(1387, 1391, '0')",,[]
"(937, 1398, '0')",,[]
"(1397, 1398, '0')",,[]
"(937, 990, '0')",,[]
"(1000, 990, '0')",,[]
"(938, 1370, '0')",,[]
"(1369, 1370, '0')",,[]
"(938, 950, '0')",,[]
"(1380, 950, '0')",,[]
"(938, 1389, '0')",,[]
"(1390, 1389, '0')",,[]
"(938, 963, '0')",,[]
"(962, 963, '0')",,[]
"(940, 938, '0')",,[]
"(950, 938, '0')",,[]
"(961, 938, '0')",,[]
"(963, 938, '0')",,[]
"(941, 1532, '0')",,[]
"(482, 945, '0')",,[]
"(946, 945, '0')",,[]
"(944, 1534, '0')",,[]
"(945, 1533, '0')",,[]
"(947, 1378, '0')",,[]
"(1380, 1378, '0')",,[]
"(643, 1378, '0')",,[]
"(947, 1538, '0')",,[]
"(950, 1380, '0')",,[]
"(1378, 1380, '0')",,[]
"(487, 952, '0')",,[]
"(953, 952, '0')",,[]
"(952, 1537, '0')",,[]
"(955, 956, '0')",,[]
"(959, 956, '0')",,[]
"(994, 956, '0')",,[]
"(999, 956, '0')",,[]
"(956, 954, '0')",,[]
"(998, 954, '0')",,[]
"(956, 475, '0')",,[]
"(956, 999, '0')",,[]
"(492, 999, '0')",,[]
"(957, 955, '0')",,[]
"(490, 962, '0')",,[]
"(963, 962, '0')",,[]
"(962, 1540, '0')",,[]
"(499, 967, '0')",,[]
"(968, 967, '0')",,[]
"(967, 968, '0')",,[]
"(975, 968, '0')",,[]
"(967, 1544, '0')",,[]
"(968, 975, '0')",,[]
"(974, 975, '0')",,[]
"(969, 971, '0')",,[]
"(969, 973, '0')",,[]
"(500, 973, '0')",,[]
"(972, 737, '0')",,[]
"(973, 1239, '0')",,[]
"(974, 476, '0')",,[]
"(977, 476, '0')",,[]
"(978, 476, '0')",,[]
"(981, 476, '0')",,[]
"(975, 976, '0')",,[]
"(978, 964, '0')",,[]
"(982, 964, '0')",,[]
"(979, 1003, '0')",,[]
"(979, 1016, '0')",,[]
"(1015, 1016, '0')",,[]
"(979, 1019, '0')",,[]
"(980, 981, '0')",,[]
"(983, 985, '0')",,[]
"(984, 980, '0')",,[]
"(984, 1005, '0')",,[]
"(1004, 1005, '0')",,[]
"(984, 1006, '0')",,[]
"(985, 984, '0')",,[]
"(1003, 984, '0')",,[]
"(1005, 984, '0')",,[]
"(1008, 984, '0')",,[]
"(986, 1397, '0')",,[]
"(1398, 1397, '0')",,[]
"(986, 1407, '0')",,[]
"(1408, 1407, '0')",,[]
"(986, 1011, '0')",,[]
"(505, 1011, '0')",,[]
"(988, 986, '0')",,[]
"(1009, 986, '0')",,[]
"(1011, 986, '0')",,[]
"(1012, 986, '0')",,[]
"(990, 1000, '0')",,[]
"(992, 1000, '0')",,[]
"(991, 1545, '0')",,[]
"(992, 1546, '0')",,[]
"(998, 959, '0')",,[]
"(999, 1541, '0')",,[]
"(502, 1004, '0')",,[]
"(1005, 1004, '0')",,[]
"(1004, 1547, '0')",,[]
"(1006, 979, '0')",,[]
"(1016, 979, '0')",,[]
"(1018, 979, '0')",,[]
"(1021, 979, '0')",,[]
"(1011, 1550, '0')",,[]
"(1013, 481, '0')",,[]
"(1020, 481, '0')",,[]
"(1024, 481, '0')",,[]
"(1028, 481, '0')",,[]
"(506, 1015, '0')",,[]
"(1016, 1015, '0')",,[]
"(1015, 1551, '0')",,[]
"(1017, 1018, '0')",,[]
"(1017, 1036, '0')",,[]
"(1035, 1036, '0')",,[]
"(1017, 1033, '0')",,[]
"(1019, 1017, '0')",,[]
"(1036, 1017, '0')",,[]
"(1037, 1017, '0')",,[]
"(507, 1023, '0')",,[]
"(1024, 1023, '0')",,[]
"(1023, 1554, '0')",,[]
"(1025, 1053, '0')",,[]
"(516, 1053, '0')",,[]
"(1025, 1031, '0')",,[]
"(1030, 1031, '0')",,[]
"(1025, 1052, '0')",,[]
"(518, 1052, '0')",,[]
"(1025, 1032, '0')",,[]
"(1027, 1032, '0')",,[]
"(1026, 1412, '0')",,[]
"(1414, 1412, '0')",,[]
"(1026, 1027, '0')",,[]
"(1032, 1027, '0')",,[]
"(1026, 1029, '0')",,[]
"(1441, 1029, '0')",,[]
"(1026, 448, '0')",,[]
"(1030, 210, '0')",,[]
"(1033, 210, '0')",,[]
"(1056, 210, '0')",,[]
"(1061, 210, '0')",,[]
"(1031, 1025, '0')",,[]
"(1032, 1025, '0')",,[]
"(1052, 1025, '0')",,[]
"(1053, 1025, '0')",,[]
"(511, 1035, '0')",,[]
"(1036, 1035, '0')",,[]
"(1035, 1555, '0')",,[]
"(512, 1046, '0')",,[]
"(1041, 515, '0')",,[]
"(1043, 1177, '0')",,[]
"(1108, 1177, '0')",,[]
"(1176, 1177, '0')",,[]
"(1183, 1177, '0')",,[]
"(1046, 1042, '0')",,[]
"(1047, 1044, '0')",,[]
"(1048, 1561, '0')",,[]
"(1052, 1560, '0')",,[]
"(1053, 1559, '0')",,[]
"(520, 1055, '0')",,[]
"(1056, 1055, '0')",,[]
"(1055, 1558, '0')",,[]
"(1057, 1059, '0')",,[]
"(1059, 1061, '0')",,[]
"(1060, 1058, '0')",,[]
"(1062, 1083, '0')",,[]
"(1078, 1083, '0')",,[]
"(1063, 1068, '0')",,[]
"(1067, 1068, '0')",,[]
"(1063, 1080, '0')",,[]
"(1079, 1080, '0')",,[]
"(1063, 1073, '0')",,[]
"(1072, 1073, '0')",,[]
"(1064, 1082, '0')",,[]
"(521, 1067, '0')",,[]
"(1068, 1067, '0')",,[]
"(1066, 675, '0')",,[]
"(1440, 675, '0')",,[]
"(1066, 1104, '0')",,[]
"(1424, 1104, '0')",,[]
"(1066, 1106, '0')",,[]
"(1438, 1106, '0')",,[]
"(1066, 1105, '0')",,[]
"(1107, 1105, '0')",,[]
"(1067, 1568, '0')",,[]
"(1068, 1063, '0')",,[]
"(1073, 1063, '0')",,[]
"(1082, 1063, '0')",,[]
"(1069, 1427, '0')",,[]
"(1071, 1427, '0')",,[]
"(1428, 1427, '0')",,[]
"(1069, 1426, '0')",,[]
"(1424, 1426, '0')",,[]
"(1070, 1074, '0')",,[]
"(1072, 1074, '0')",,[]
"(1070, 1071, '0')",,[]
"(1427, 1071, '0')",,[]
"(1071, 1070, '0')",,[]
"(1074, 1070, '0')",,[]
"(1072, 1076, '0')",,[]
"(1073, 1072, '0')",,[]
"(1074, 1072, '0')",,[]
"(1081, 1072, '0')",,[]
"(1075, 1077, '0')",,[]
"(1076, 1075, '0')",,[]
"(1078, 1079, '0')",,[]
"(1080, 1079, '0')",,[]
"(780, 1079, '0')",,[]
"(1079, 1081, '0')",,[]
"(1079, 1575, '0')",,[]
"(1080, 1433, '0')",,[]
"(776, 1433, '0')",,[]
"(1083, 1078, '0')",,[]
"(1099, 1078, '0')",,[]
"(1084, 1086, '0')",,[]
"(1085, 1086, '0')",,[]
"(1084, 1097, '0')",,[]
"(1098, 1097, '0')",,[]
"(1085, 1114, '0')",,[]
"(1127, 1114, '0')",,[]
"(1128, 1114, '0')",,[]
"(1086, 1085, '0')",,[]
"(1091, 1085, '0')",,[]
"(1096, 1098, '0')",,[]
"(523, 1184, '0')",,[]
"(1176, 1184, '0')",,[]
"(1103, 1125, '0')",,[]
"(1439, 1125, '0')",,[]
"(1103, 1116, '0')",,[]
"(1122, 1116, '0')",,[]
"(1103, 1124, '0')",,[]
"(1123, 1124, '0')",,[]
"(1103, 1121, '0')",,[]
"(1120, 1121, '0')",,[]
"(1104, 1424, '0')",,[]
"(726, 1424, '0')",,[]
"(1426, 1424, '0')",,[]
"(1106, 1438, '0')",,[]
"(1437, 1438, '0')",,[]
"(1109, 1479, '0')",,[]
"(1478, 1479, '0')",,[]
"(1145, 1479, '0')",,[]
"(1109, 1137, '0')",,[]
"(1136, 1137, '0')",,[]
"(1110, 1112, '0')",,[]
"(1110, 1483, '0')",,[]
"(1111, 1483, '0')",,[]
"(1111, 1132, '0')",,[]
"(530, 1132, '0')",,[]
"(1111, 1478, '0')",,[]
"(1479, 1478, '0')",,[]
"(1112, 1113, '0')",,[]
"(1126, 1113, '0')",,[]
"(1127, 1113, '0')",,[]
"(1113, 1127, '0')",,[]
"(1114, 1127, '0')",,[]
"(1113, 1126, '0')",,[]
"(1117, 1126, '0')",,[]
"(1114, 1128, '0')",,[]
"(1129, 1128, '0')",,[]
"(1114, 1111, '0')",,[]
"(1132, 1111, '0')",,[]
"(1483, 1111, '0')",,[]
"(525, 1129, '0')",,[]
"(1128, 1129, '0')",,[]
"(1116, 1122, '0')",,[]
"(1453, 1122, '0')",,[]
"(1116, 1103, '0')",,[]
"(1121, 1103, '0')",,[]
"(1124, 1103, '0')",,[]
"(1125, 1103, '0')",,[]
"(1117, 1454, '0')",,[]
"(1452, 1454, '0')",,[]
"(526, 1185, '0')",,[]
"(1178, 1185, '0')",,[]
"(1121, 1120, '0')",,[]
"(1460, 1120, '0')",,[]
"(1122, 1453, '0')",,[]
"(1455, 1453, '0')",,[]
"(1123, 1149, '0')",,[]
"(1171, 1149, '0')",,[]
"(1125, 1439, '0')",,[]
"(1436, 1439, '0')",,[]
"(1126, 1117, '0')",,[]
"(1454, 1117, '0')",,[]
"(1129, 1580, '0')",,[]
"(1132, 1586, '0')",,[]
"(1133, 1110, '0')",,[]
"(1479, 1110, '0')",,[]
"(1483, 1110, '0')",,[]
"(1134, 1136, '0')",,[]
"(1137, 1136, '0')",,[]
"(1134, 1469, '0')",,[]
"(1465, 1469, '0')",,[]
"(1136, 1134, '0')",,[]
"(1469, 1134, '0')",,[]
"(1138, 409, '0')",,[]
"(1139, 409, '0')",,[]
"(1148, 409, '0')",,[]
"(1139, 1140, '0')",,[]
"(1141, 1140, '0')",,[]
"(1140, 1141, '0')",,[]
"(533, 1141, '0')",,[]
"(1141, 1594, '0')",,[]
"(1143, 1147, '0')",,[]
"(1147, 535, '0')",,[]
"(1149, 1171, '0')",,[]
"(1170, 1171, '0')",,[]
"(1150, 1467, '0')",,[]
"(1468, 1467, '0')",,[]
"(1150, 1156, '0')",,[]
"(1157, 1156, '0')",,[]
"(1150, 1609, '0')",,[]
"(1151, 422, '0')",,[]
"(1153, 422, '0')",,[]
"(1154, 422, '0')",,[]
"(1157, 422, '0')",,[]
"(1151, 1597, '0')",,[]
"(1152, 1170, '0')",,[]
"(1171, 1170, '0')",,[]
"(1174, 1170, '0')",,[]
"(1175, 1170, '0')",,[]
"(1154, 1152, '0')",,[]
"(1170, 1152, '0')",,[]
"(1156, 1150, '0')",,[]
"(1467, 1150, '0')",,[]
"(1092, 1150, '0')",,[]
"(1159, 1598, '0')",,[]
"(1160, 1168, '0')",,[]
"(1167, 1168, '0')",,[]
"(1160, 427, '0')",,[]
"(1160, 1166, '0')",,[]
"(1165, 1166, '0')",,[]
"(1160, 1164, '0')",,[]
"(1163, 1164, '0')",,[]
"(538, 1165, '0')",,[]
"(1166, 1165, '0')",,[]
"(1162, 1179, '0')",,[]
"(1178, 1179, '0')",,[]
"(1180, 1179, '0')",,[]
"(1182, 1179, '0')",,[]
"(1162, 1188, '0')",,[]
"(1189, 1188, '0')",,[]
"(1163, 1599, '0')",,[]
"(1165, 1600, '0')",,[]
"(1167, 1189, '0')",,[]
"(1188, 1189, '0')",,[]
"(1190, 1189, '0')",,[]
"(1191, 1189, '0')",,[]
"(1168, 1167, '0')",,[]
"(1189, 1167, '0')",,[]
"(1169, 407, '0')",,[]
"(1170, 1175, '0')",,[]
"(540, 1175, '0')",,[]
"(1170, 1174, '0')",,[]
"(541, 1174, '0')",,[]
"(1174, 1593, '0')",,[]
"(1175, 1592, '0')",,[]
"(1177, 1421, '0')",,[]
"(1177, 1183, '0')",,[]
"(1181, 1183, '0')",,[]
"(1177, 1176, '0')",,[]
"(1184, 1176, '0')",,[]
"(1179, 1182, '0')",,[]
"(1448, 1182, '0')",,[]
"(1179, 1180, '0')",,[]
"(1461, 1180, '0')",,[]
"(1179, 1162, '0')",,[]
"(1188, 1162, '0')",,[]
"(1179, 1178, '0')",,[]
"(1185, 1178, '0')",,[]
"(1181, 1447, '0')",,[]
"(1449, 1447, '0')",,[]
"(1182, 1448, '0')",,[]
"(1446, 1448, '0')",,[]
"(1183, 1181, '0')",,[]
"(1447, 1181, '0')",,[]
"(1184, 1573, '0')",,[]
"(1185, 1585, '0')",,[]
"(543, 1190, '0')",,[]
"(1189, 1190, '0')",,[]
"(544, 1191, '0')",,[]
"(1189, 1191, '0')",,[]
"(1190, 1590, '0')",,[]
"(1191, 1591, '0')",,[]
"(1192, 362, '0')",,[]
"(1192, 1603, '0')",,[]
"(1193, 702, '0')",,[]
"(1196, 1222, '0')",,[]
"(1221, 1222, '0')",,[]
"(1196, 769, '0')",,[]
"(1211, 769, '0')",,[]
"(1221, 769, '0')",,[]
"(549, 1201, '0')",,[]
"(1200, 1201, '0')",,[]
"(1200, 794, '0')",,[]
"(1201, 1347, '0')",,[]
"(1202, 1207, '0')",,[]
"(550, 1207, '0')",,[]
"(1202, 804, '0')",,[]
"(1203, 1204, '0')",,[]
"(1203, 1209, '0')",,[]
"(552, 1209, '0')",,[]
"(1204, 803, '0')",,[]
"(1205, 1210, '0')",,[]
"(1207, 1376, '0')",,[]
"(1209, 1383, '0')",,[]
"(1211, 1213, '0')",,[]
"(553, 1213, '0')",,[]
"(1213, 1321, '0')",,[]
"(1214, 1215, '0')",,[]
"(1216, 1215, '0')",,[]
"(1215, 569, '0')",,[]
"(1222, 568, '0')",,[]
"(1224, 1226, '0')",,[]
"(562, 1226, '0')",,[]
"(1226, 1331, '0')",,[]
"(1228, 1229, '0')",,[]
"(1233, 1229, '0')",,[]
"(1229, 809, '0')",,[]
"(1231, 1235, '0')",,[]
"(1235, 1236, '0')",,[]
"(1238, 1236, '0')",,[]
"(1235, 1237, '0')",,[]
"(1238, 1237, '0')",,[]
"(1236, 810, '0')",,[]
"(1241, 1400, '0')",,[]
"(1247, 829, '0')",,[]
"(1248, 856, '0')",,[]
"(1248, 1485, '0')",,[]
"(1250, 857, '0')",,[]
"(1250, 1491, '0')",,[]
"(1260, 1487, '0')",,[]
"(1260, 811, '0')",,[]
"(1252, 830, '0')",,[]
"(1259, 1255, '0')",,[]
"(1287, 1505, '0')",,[]
"(1287, 878, '0')",,[]
"(1261, 1263, '0')",,[]
"(1265, 1263, '0')",,[]
"(575, 1263, '0')",,[]
"(1261, 1260, '0')",,[]
"(1265, 1260, '0')",,[]
"(574, 1260, '0')",,[]
"(1293, 1510, '0')",,[]
"(1293, 1296, '0')",,[]
"(610, 1296, '0')",,[]
"(1293, 873, '0')",,[]
"(1293, 1291, '0')",,[]
"(1263, 812, '0')",,[]
"(1263, 1486, '0')",,[]
"(1304, 1514, '0')",,[]
"(1264, 1265, '0')",,[]
"(1324, 1520, '0')",,[]
"(1324, 1314, '0')",,[]
"(1310, 1314, '0')",,[]
"(1315, 1314, '0')",,[]
"(622, 1314, '0')",,[]
"(1267, 868, '0')",,[]
"(1267, 1500, '0')",,[]
"(1268, 1271, '0')",,[]
"(1269, 1271, '0')",,[]
"(1274, 1271, '0')",,[]
"(576, 1271, '0')",,[]
"(1270, 865, '0')",,[]
"(1271, 1274, '0')",,[]
"(578, 1274, '0')",,[]
"(1271, 849, '0')",,[]
"(1271, 1270, '0')",,[]
"(1271, 1499, '0')",,[]
"(1274, 1498, '0')",,[]
"(1275, 1269, '0')",,[]
"(1276, 1267, '0')",,[]
"(582, 1267, '0')",,[]
"(1276, 1496, '0')",,[]
"(1390, 1543, '0')",,[]
"(1390, 1387, '0')",,[]
"(650, 1387, '0')",,[]
"(1391, 1387, '0')",,[]
"(1279, 870, '0')",,[]
"(1286, 1287, '0')",,[]
"(1288, 1287, '0')",,[]
"(607, 1287, '0')",,[]
"(1286, 879, '0')",,[]
"(1286, 1506, '0')",,[]
"(1291, 891, '0')",,[]
"(1424, 1570, '0')",,[]
"(1625, 1577, '0')",,[]
"(1452, 1581, '0')",,[]
"(1452, 1455, '0')",,[]
"(1453, 1455, '0')",,[]
"(927, 1455, '0')",,[]
"(1296, 1509, '0')",,[]
"(1297, 1292, '0')",,[]
"(1299, 884, '0')",,[]
"(1299, 1511, '0')",,[]
"(1303, 34, '0')",,[]
"(1305, 34, '0')",,[]
"(1620, 34, '0')",,[]
"(614, 34, '0')",,[]
"(1303, 534, '0')",,[]
"(1305, 1304, '0')",,[]
"(613, 1304, '0')",,[]
"(1306, 1516, '0')",,[]
"(1308, 1517, '0')",,[]
"(1312, 1622, '0')",,[]
"(1313, 1328, '0')",,[]
"(1313, 899, '0')",,[]
"(1480, 1612, '0')",,[]
"(1480, 1148, '0')",,[]
"(1314, 1312, '0')",,[]
"(1314, 1324, '0')",,[]
"(619, 1324, '0')",,[]
"(1314, 1316, '0')",,[]
"(1314, 1519, '0')",,[]
"(1316, 1320, '0')",,[]
"(1326, 1320, '0')",,[]
"(1316, 1319, '0')",,[]
"(1326, 1319, '0')",,[]
"(1319, 1310, '0')",,[]
"(1320, 898, '0')",,[]
"(1327, 1313, '0')",,[]
"(1622, 1313, '0')",,[]
"(1328, 1315, '0')",,[]
"(1332, 1340, '0')",,[]
"(1333, 1340, '0')",,[]
"(1332, 1341, '0')",,[]
"(1333, 1341, '0')",,[]
"(1343, 1341, '0')",,[]
"(1335, 1342, '0')",,[]
"(1336, 1342, '0')",,[]
"(1340, 1345, '0')",,[]
"(1341, 1343, '0')",,[]
"(1341, 1336, '0')",,[]
"(1342, 900, '0')",,[]
"(1342, 1332, '0')",,[]
"(1345, 1339, '0')",,[]
"(1350, 896, '0')",,[]
"(1354, 909, '0')",,[]
"(1356, 906, '0')",,[]
"(1357, 907, '0')",,[]
"(1358, 908, '0')",,[]
"(1360, 1530, '0')",,[]
"(628, 1360, '0')",,[]
"(1363, 1360, '0')",,[]
"(1364, 1360, '0')",,[]
"(630, 1374, '0')",,[]
"(1371, 1374, '0')",,[]
"(642, 1373, '0')",,[]
"(1371, 1373, '0')",,[]
"(1368, 1371, '0')",,[]
"(1373, 1371, '0')",,[]
"(1374, 1371, '0')",,[]
"(1377, 1371, '0')",,[]
"(1368, 939, '0')",,[]
"(1369, 1372, '0')",,[]
"(1377, 1372, '0')",,[]
"(1370, 1369, '0')",,[]
"(1372, 1369, '0')",,[]
"(1370, 940, '0')",,[]
"(1371, 1377, '0')",,[]
"(1372, 1377, '0')",,[]
"(1373, 1536, '0')",,[]
"(1374, 1535, '0')",,[]
"(1378, 1539, '0')",,[]
"(1387, 1390, '0')",,[]
"(1389, 1390, '0')",,[]
"(651, 1390, '0')",,[]
"(1387, 1542, '0')",,[]
"(1389, 961, '0')",,[]
"(1391, 671, '0')",,[]
"(1397, 988, '0')",,[]
"(1398, 987, '0')",,[]
"(1406, 1408, '0')",,[]
"(1407, 1408, '0')",,[]
"(1406, 1013, '0')",,[]
"(1407, 1012, '0')",,[]
"(1410, 1414, '0')",,[]
"(1412, 1414, '0')",,[]
"(660, 1414, '0')",,[]
"(1410, 1557, '0')",,[]
"(659, 1410, '0')",,[]
"(1413, 1410, '0')",,[]
"(1414, 1410, '0')",,[]
"(1412, 79, '0')",,[]
"(1413, 1028, '0')",,[]
"(1414, 1556, '0')",,[]
"(1426, 1069, '0')",,[]
"(1427, 1069, '0')",,[]
"(1427, 1428, '0')",,[]
"(727, 1428, '0')",,[]
"(1428, 1569, '0')",,[]
"(1433, 1574, '0')",,[]
"(1436, 1437, '0')",,[]
"(1438, 1437, '0')",,[]
"(1436, 1624, '0')",,[]
"(781, 1624, '0')",,[]
"(1436, 1625, '0')",,[]
"(922, 1625, '0')",,[]
"(1440, 1443, '0')",,[]
"(1442, 1443, '0')",,[]
"(1446, 1449, '0')",,[]
"(1447, 1449, '0')",,[]
"(923, 1449, '0')",,[]
"(1446, 1578, '0')",,[]
"(1448, 1446, '0')",,[]
"(1449, 1446, '0')",,[]
"(925, 1446, '0')",,[]
"(1449, 1579, '0')",,[]
"(1454, 1452, '0')",,[]
"(1455, 1452, '0')",,[]
"(948, 1452, '0')",,[]
"(1455, 1582, '0')",,[]
"(1466, 1468, '0')",,[]
"(1467, 1468, '0')",,[]
"(1478, 1480, '0')",,[]
"(1100, 1480, '0')",,[]
"(1479, 1613, '0')",,[]
"(1195, 1616, '0')",,[]
"(1616, 604, '0')",,[]
"(1619, 631, '0')",,[]
"(1623, 1605, '0')",,[]
